,id
0,t3_1
1,t3_2
2,t3_3
3,t3_4
4,t3_5
5,t3_6
6,t3_7
7,t3_8
8,t3_9
9,t3_10
10,t3_11
11,t3_12
12,t3_13
13,t3_14
14,t3_15
15,t3_16
16,t3_17
17,t3_18
18,t3_19
19,t3_20
20,t3_21
21,t3_22
22,t3_23
23,t3_24
24,t3_25
25,t3_26
26,t3_27
27,t3_28
28,t3_29
29,t3_30
30,t3_31
31,t3_32
32,t3_33
33,t3_34
34,t3_35
35,t3_36
36,t3_37
37,t3_38
38,t3_39
39,t3_40
40,t3_41
41,t3_42
42,t3_43
43,t3_44
44,t3_45
45,t3_46
46,t3_47
47,t3_48
48,t3_49
49,t3_50
50,t3_51
51,t3_52
52,t3_53
53,t3_54
54,t3_55
55,t3_56
56,t3_57
57,t3_58
58,t3_59
59,t3_60
60,t3_61
61,t3_62
62,t3_63
63,t3_64
64,t3_65
65,t3_66
66,t3_67
67,t3_68
68,t3_69
69,t3_70
70,t3_71
71,t3_72
72,t3_73
73,t3_74
74,t3_75
75,t3_76
76,t3_77
77,t3_78
78,t3_79
79,t3_80
80,t3_81
81,t3_82
82,t3_83
83,t3_84
84,t3_85
85,t3_86
86,t3_87
87,t3_88
88,t3_89
89,t3_90
90,t3_91
91,t3_92
92,t3_93
93,t3_94
94,t3_95
95,t3_96
96,t3_97
97,t3_98
98,t3_99
99,t3_100
100,t3_101
101,t3_102
102,t3_103
103,t3_104
104,t3_105
105,t3_106
106,t3_107
107,t3_108
108,t3_109
109,t3_110
110,t3_111
111,t3_112
112,t3_113
113,t3_114
114,t3_115
115,t3_116
116,t3_117
117,t3_118
118,t3_119
119,t3_120
120,t3_121
121,t3_122
122,t3_123
123,t3_124
124,t3_125
125,t3_126
126,t3_127
127,t3_128
128,t3_129
129,t3_130
130,t3_131
131,t3_132
132,t3_133
133,t3_134
134,t3_135
135,t3_136
136,t3_137
137,t3_138
138,t3_139
139,t3_140
140,t3_141
141,t3_142
142,t3_143
143,t3_144
144,t3_145
145,t3_146
146,t3_147
147,t3_148
148,t3_149
149,t3_150
150,t3_151
151,t3_152
152,t3_153
153,t3_154
154,t3_155
155,t3_156
156,t3_157
157,t3_158
158,t3_159
159,t3_160
160,t3_161
161,t3_162
162,t3_163
163,t3_164
164,t3_165
165,t3_166
166,t3_167
167,t3_168
168,t3_169
169,t3_170
170,t3_171
171,t3_172
172,t3_173
173,t3_174
174,t3_175
175,t3_176
176,t3_177
177,t3_178
178,t3_179
179,t3_180
180,t3_181
181,t3_182
182,t3_183
183,t3_184
184,t3_185
185,t3_186
186,t3_187
187,t3_188
188,t3_189
189,t3_190
190,t3_191
191,t3_192
192,t3_193
193,t3_194
194,t3_195
195,t3_196
196,t3_197
197,t3_198
198,t3_199
199,t3_200
200,t3_201
201,t3_202
202,t3_203
203,t3_204
204,t3_205
205,t3_206
206,t3_207
207,t3_208
208,t3_209
209,t3_210
210,t3_211
211,t3_212
212,t3_213
213,t3_214
214,t3_215
215,t3_216
216,t3_217
217,t3_218
218,t3_219
219,t3_220
220,t3_221
221,t3_222
222,t3_223
223,t3_224
224,t3_225
225,t3_226
226,t3_227
227,t3_228
228,t3_229
229,t3_230
230,t3_231
231,t3_232
232,t3_233
233,t3_234
234,t3_235
235,t3_236
236,t3_237
237,t3_238
238,t3_239
239,t3_240
240,t3_241
241,t3_242
242,t3_243
243,t3_244
244,t3_245
245,t3_246
246,t3_247
247,t3_248
248,t3_249
249,t3_250
250,t3_251
251,t3_252
252,t3_253
253,t3_254
254,t3_255
255,t3_256
256,t3_257
257,t3_258
258,t3_259
259,t3_260
260,t3_261
261,t3_262
262,t3_263
263,t3_264
264,t3_265
265,t3_266
266,t3_267
267,t3_268
268,t3_269
269,t3_270
270,t3_271
271,t3_272
272,t3_273
273,t3_274
274,t3_275
275,t3_276
276,t3_277
277,t3_278
278,t3_279
279,t3_280
280,t3_281
281,t3_282
282,t3_283
283,t3_284
284,t3_285
285,t3_286
286,t3_287
287,t3_288
288,t3_289
289,t3_290
290,t3_291
291,t3_292
292,t3_293
293,t3_294
294,t3_295
295,t3_296
296,t3_297
297,t3_298
298,t3_299
299,t3_300
300,t3_301
301,t3_302
302,t3_303
303,t3_304
304,t3_305
305,t3_306
306,t3_307
307,t3_308
308,t3_309
309,t3_310
310,t3_311
311,t3_312
312,t3_313
313,t3_314
314,t3_315
315,t3_316
316,t3_317
317,t3_318
318,t3_319
319,t3_320
320,t3_321
321,t3_322
322,t3_323
323,t3_324
324,t3_325
325,t3_326
326,t3_327
327,t3_328
328,t3_329
329,t3_330
330,t3_331
331,t3_332
332,t3_333
333,t3_334
334,t3_335
335,t3_336
336,t3_337
337,t3_338
338,t3_339
339,t3_340
340,t3_341
341,t3_342
342,t3_343
343,t3_344
344,t3_345
345,t3_346
346,t3_347
347,t3_348
348,t3_349
349,t3_350
350,t3_351
351,t3_352
352,t3_353
353,t3_354
354,t3_355
355,t3_356
356,t3_357
357,t3_358
358,t3_359
359,t3_360
360,t3_361
361,t3_362
362,t3_363
363,t3_364
364,t3_365
365,t3_366
366,t3_367
367,t3_368
368,t3_369
369,t3_370
370,t3_371
371,t3_372
372,t3_373
373,t3_374
374,t3_375
375,t3_376
376,t3_377
377,t3_378
378,t3_379
379,t3_380
380,t3_381
381,t3_382
382,t3_383
383,t3_384
384,t3_385
385,t3_386
386,t3_387
387,t3_388
388,t3_389
389,t3_390
390,t3_391
391,t3_392
392,t3_393
393,t3_394
394,t3_395
395,t3_396
396,t3_397
397,t3_398
398,t3_399
399,t3_400
400,t3_401
401,t3_402
402,t3_403
403,t3_404
404,t3_405
405,t3_406
406,t3_407
407,t3_408
408,t3_409
409,t3_410
410,t3_411
411,t3_412
412,t3_413
413,t3_414
414,t3_415
415,t3_416
416,t3_417
417,t3_418
418,t3_419
419,t3_420
420,t3_421
421,t3_422
422,t3_423
423,t3_424
424,t3_425
425,t3_426
426,t3_427
427,t3_428
428,t3_429
429,t3_430
430,t3_431
431,t3_432
432,t3_433
433,t3_434
434,t3_435
435,t3_436
436,t3_437
437,t3_438
438,t3_439
439,t3_440
440,t3_441
441,t3_442
442,t3_443
443,t3_444
444,t3_445
445,t3_446
446,t3_447
447,t3_448
448,t3_449
449,t3_450
450,t3_451
451,t3_452
452,t3_453
453,t3_454
454,t3_455
455,t3_456
456,t3_457
457,t3_458
458,t3_459
459,t3_460
460,t3_461
461,t3_462
462,t3_463
463,t3_464
464,t3_465
465,t3_466
466,t3_467
467,t3_468
468,t3_469
469,t3_470
470,t3_471
471,t3_472
472,t3_473
473,t3_474
474,t3_475
475,t3_476
476,t3_477
477,t3_478
478,t3_479
479,t3_480
480,t3_481
481,t3_482
482,t3_483
483,t3_484
484,t3_485
485,t3_486
486,t3_487
487,t3_488
488,t3_489
489,t3_490
490,t3_491
491,t3_492
492,t3_493
493,t3_494
494,t3_495
495,t3_496
496,t3_497
497,t3_498
498,t3_499
499,t3_500
500,t3_501
501,t3_502
502,t3_503
503,t3_504
504,t3_505
505,t3_506
506,t3_507
507,t3_508
508,t3_509
509,t3_510
510,t3_511
511,t3_512
512,t3_513
513,t3_514
514,t3_515
515,t3_516
516,t3_517
517,t3_518
518,t3_519
519,t3_520
520,t3_521
521,t3_522
522,t3_523
523,t3_524
524,t3_525
525,t3_526
526,t3_527
527,t3_528
528,t3_529
529,t3_530
530,t3_531
531,t3_532
532,t3_533
533,t3_534
534,t3_535
535,t3_536
536,t3_537
537,t3_538
538,t3_539
539,t3_540
540,t3_541
541,t3_542
542,t3_543
543,t3_544
544,t3_545
545,t3_546
546,t3_547
547,t3_548
548,t3_549
549,t3_550
550,t3_551
551,t3_552
552,t3_553
553,t3_554
554,t3_555
555,t3_556
556,t3_557
557,t3_558
558,t3_559
559,t3_560
560,t3_561
561,t3_562
562,t3_563
563,t3_564
564,t3_565
565,t3_566
566,t3_567
567,t3_568
568,t3_569
569,t3_570
570,t3_571
571,t3_572
572,t3_573
573,t3_574
574,t3_575
575,t3_576
576,t3_577
577,t3_578
578,t3_579
579,t3_580
580,t3_581
581,t3_582
582,t3_583
583,t3_584
584,t3_585
585,t3_586
586,t3_587
587,t3_588
588,t3_589
589,t3_590
590,t3_591
591,t3_592
592,t3_593
593,t3_594
594,t3_595
595,t3_596
596,t3_597
597,t3_598
598,t3_599
599,t3_600
600,t3_601
601,t3_602
602,t3_603
603,t3_604
604,t3_605
605,t3_606
606,t3_607
607,t3_608
608,t3_609
609,t3_610
610,t3_611
611,t3_612
612,t3_613
613,t3_614
614,t3_615
615,t3_616
616,t3_617
617,t3_618
618,t3_619
619,t3_620
620,t3_621
621,t3_622
622,t3_623
623,t3_624
624,t3_625
625,t3_626
626,t3_627
627,t3_628
628,t3_629
629,t3_630
630,t3_631
631,t3_632
632,t3_633
633,t3_634
634,t3_635
635,t3_636
636,t3_637
637,t3_638
638,t3_639
639,t3_640
640,t3_641
641,t3_642
642,t3_643
643,t3_644
644,t3_645
645,t3_646
646,t3_647
647,t3_648
648,t3_649
649,t3_650
650,t3_651
651,t3_652
652,t3_653
653,t3_654
654,t3_655
655,t3_656
656,t3_657
657,t3_658
658,t3_659
659,t3_660
660,t3_661
661,t3_662
662,t3_663
663,t3_664
664,t3_665
665,t3_666
666,t3_667
667,t3_668
668,t3_669
669,t3_670
670,t3_671
671,t3_672
672,t3_673
673,t3_674
674,t3_675
675,t3_676
676,t3_677
677,t3_678
678,t3_679
679,t3_680
680,t3_681
681,t3_682
682,t3_683
683,t3_684
684,t3_685
685,t3_686
686,t3_687
687,t3_688
688,t3_689
689,t3_690
690,t3_691
691,t3_692
692,t3_693
693,t3_694
694,t3_695
695,t3_696
696,t3_697
697,t3_698
698,t3_699
699,t3_700
700,t3_701
701,t3_702
702,t3_703
703,t3_704
704,t3_705
705,t3_706
706,t3_707
707,t3_708
708,t3_709
709,t3_710
710,t3_711
711,t3_712
712,t3_713
713,t3_714
714,t3_715
715,t3_716
716,t3_717
717,t3_718
718,t3_719
719,t3_720
720,t3_721
721,t3_722
722,t3_723
723,t3_724
724,t3_725
725,t3_726
726,t3_727
727,t3_728
728,t3_729
729,t3_730
730,t3_731
731,t3_732
732,t3_733
733,t3_734
734,t3_735
735,t3_736
736,t3_737
737,t3_738
738,t3_739
739,t3_740
740,t3_741
741,t3_742
742,t3_743
743,t3_744
744,t3_745
745,t3_746
746,t3_747
747,t3_748
748,t3_749
749,t3_750
750,t3_751
751,t3_752
752,t3_753
753,t3_754
754,t3_755
755,t3_756
756,t3_757
757,t3_758
758,t3_759
759,t3_760
760,t3_761
761,t3_762
762,t3_763
763,t3_764
764,t3_765
765,t3_766
766,t3_767
767,t3_768
768,t3_769
769,t3_770
770,t3_771
771,t3_772
772,t3_773
773,t3_774
774,t3_775
775,t3_776
776,t3_777
777,t3_778
778,t3_779
779,t3_780
780,t3_781
781,t3_782
782,t3_783
783,t3_784
784,t3_785
785,t3_786
786,t3_787
787,t3_788
788,t3_789
789,t3_790
790,t3_791
791,t3_792
792,t3_793
793,t3_794
794,t3_795
795,t3_796
796,t3_797
797,t3_798
798,t3_799
799,t3_800
800,t3_801
801,t3_802
802,t3_803
803,t3_804
804,t3_805
805,t3_806
806,t3_807
807,t3_808
808,t3_809
809,t3_810
810,t3_811
811,t3_812
812,t3_813
813,t3_814
814,t3_815
815,t3_816
816,t3_817
817,t3_818
818,t3_819
819,t3_820
820,t3_821
821,t3_822
822,t3_823
823,t3_824
824,t3_825
825,t3_826
826,t3_827
827,t3_828
828,t3_829
829,t3_830
830,t3_831
831,t3_832
832,t3_833
833,t3_834
834,t3_835
835,t3_836
836,t3_837
837,t3_838
838,t3_839
839,t3_840
840,t3_841
841,t3_842
842,t3_843
843,t3_844
844,t3_845
845,t3_846
846,t3_847
847,t3_848
848,t3_849
849,t3_850
850,t3_851
851,t3_852
852,t3_853
853,t3_854
854,t3_855
855,t3_856
856,t3_857
857,t3_858
858,t3_859
859,t3_860
860,t3_861
861,t3_862
862,t3_863
863,t3_864
864,t3_865
865,t3_866
866,t3_867
867,t3_868
868,t3_869
869,t3_870
870,t3_871
871,t3_872
872,t3_873
873,t3_874
874,t3_875
875,t3_876
876,t3_877
877,t3_878
878,t3_879
879,t3_880
880,t3_881
881,t3_882
882,t3_883
883,t3_884
884,t3_885
885,t3_886
886,t3_887
887,t3_888
888,t3_889
889,t3_890
890,t3_891
891,t3_892
892,t3_893
893,t3_894
894,t3_895
895,t3_896
896,t3_897
897,t3_898
898,t3_899
899,t3_900
900,t3_901
901,t3_902
902,t3_903
903,t3_904
904,t3_905
905,t3_906
906,t3_907
907,t3_908
908,t3_909
909,t3_910
910,t3_911
911,t3_912
912,t3_913
913,t3_914
914,t3_915
915,t3_916
916,t3_917
917,t3_918
918,t3_919
919,t3_920
920,t3_921
921,t3_922
922,t3_923
923,t3_924
924,t3_925
925,t3_926
926,t3_927
927,t3_928
928,t3_929
929,t3_930
930,t3_931
931,t3_932
932,t3_933
933,t3_934
934,t3_935
935,t3_936
936,t3_937
937,t3_938
938,t3_939
939,t3_940
940,t3_941
941,t3_942
942,t3_943
943,t3_944
944,t3_945
945,t3_946
946,t3_947
947,t3_948
948,t3_949
949,t3_950
950,t3_951
951,t3_952
952,t3_953
953,t3_954
954,t3_955
955,t3_956
956,t3_957
957,t3_958
958,t3_959
959,t3_960
960,t3_961
961,t3_962
962,t3_963
963,t3_964
964,t3_965
965,t3_966
966,t3_967
967,t3_968
968,t3_969
969,t3_970
970,t3_971
971,t3_972
972,t3_973
973,t3_974
974,t3_975
975,t3_976
976,t3_977
977,t3_978
978,t3_979
979,t3_980
980,t3_981
981,t3_982
982,t3_983
983,t3_984
984,t3_985
985,t3_986
986,t3_987
987,t3_988
988,t3_989
989,t3_990
990,t3_991
991,t3_992
992,t3_993
993,t3_994
994,t3_995
995,t3_996
996,t3_997
997,t3_998
998,t3_999
999,t3_1000
1000,t3_1001
1001,t3_1002
1002,t3_1003
1003,t3_1004
1004,t3_1005
1005,t3_1006
1006,t3_1007
1007,t3_1008
1008,t3_1009
1009,t3_1010
1010,t3_1011
1011,t3_1012
1012,t3_1013
1013,t3_1014
1014,t3_1015
1015,t3_1016
1016,t3_1017
1017,t3_1018
1018,t3_1019
1019,t3_1020
1020,t3_1021
1021,t3_1022
1022,t3_1023
1023,t3_1024
1024,t3_1025
1025,t3_1026
1026,t3_1027
1027,t3_1028
1028,t3_1029
1029,t3_1030
1030,t3_1031
1031,t3_1032
1032,t3_1033
1033,t3_1034
1034,t3_1035
1035,t3_1036
1036,t3_1037
1037,t3_1038
1038,t3_1039
1039,t3_1040
1040,t3_1041
1041,t3_1042
1042,t3_1043
1043,t3_1044
1044,t3_1045
1045,t3_1046
1046,t3_1047
1047,t3_1048
1048,t3_1049
1049,t3_1050
1050,t3_1051
1051,t3_1052
1052,t3_1053
1053,t3_1054
1054,t3_1055
1055,t3_1056
1056,t3_1057
1057,t3_1058
1058,t3_1059
1059,t3_1060
1060,t3_1061
1061,t3_1062
1062,t3_1063
1063,t3_1064
1064,t3_1065
1065,t3_1066
1066,t3_1067
1067,t3_1068
1068,t3_1069
1069,t3_1070
1070,t3_1071
1071,t3_1072
1072,t3_1073
1073,t3_1074
1074,t3_1075
1075,t3_1076
1076,t3_1077
1077,t3_1078
1078,t3_1079
1079,t3_1080
1080,t3_1081
1081,t3_1082
1082,t3_1083
1083,t3_1084
1084,t3_1085
1085,t3_1086
1086,t3_1087
1087,t3_1088
1088,t3_1089
